A16R01;A16R01-1;1;57,5;55;60;2;2,85;1,425;;23,628;26,429;2,801;24,502;0,873999999999999;31,2031417350946;;11,0772024277044;; ;
A16R01;A16R01-10;10;102,5;100;105;29;229;7,89655172413793;;22,246;42,599;20,353;28,876;6,63;32,5750503611261;12,92;12,3009449221245;; ;
A16R01;A16R01-11;11;107,5;105;110;19;159,4;8,38947368421053;;22,19;41,491;19,301;28,002;5,812;30,1124294078027;12;10,10428703176;; ;
A16R01;A16R01-12;12;112,5;110;115;4;45,2;11,3;;21,918;43,044;21,126;29,323;7,405;35,0515951907602;;14,5100229101581;; ;
A16R01;A16R01-13;13;117,5;115;120;1;7,84;7,84;;22,067;29,853;7,786;23,854;1,787;22,9514513228872;;3,7166945800154;Рыба очень тощая даже по внешнему виду; ;
A16R01;A16R01-14;14;127,5;125;130;1;11,8;11,8;;31,335;43,037;11,702;34,323;2,988;25,5340967356008;;6,02041428815587;; ;
A16R01;A16R01-2;2;62,5;60;65;1;1,84;1,84;;22,885;24,71;1,825;23,465;0,579999999999998;31,7808219178081;;11,5924931506849;; ;
A16R01;A16R01-3;3;67,5;65;70;6;14,09;2,34833333333333;;30,661;44,572;13,911;35,094;4,433;31,8668679462296;;11,6692462080368;; ;
A16R01;A16R01-4;4;72,5;70;75;1;3,14;3,14;;30,861;33,954;3,093;31,921;1,06;34,2709343679275;;13,8136734561914;; ;
A16R01;A16R01-5;5;77,5;75;80;1;3,86;3,86;;32,494;36,308;3,814;33,866;1,372;35,9727320398532;;15,331676979549;; ;
A16R01;A16R01-6;6;82,5;80;85;1;5;5;;31,365;36,356;4,991;33,368;2,003;40,1322380284513;;19,0419563213785;; ;
A16R01;A16R01-7;7;87,5;85;90;6;36,4;6,06666666666667;;21,97;36,979;15,009;27,572;5,602;37,3242721034046;;16,5372507162369;; ;
A16R01;A16R01-8;8;92,5;90;95;10;64,8;6,48;;22,384;42,233;19,849;29,434;7,05;35,5181621240365;;14,9262006146405;; ;
A16R01;A16R01-9;9;97,5;95;100;40;286,9;7,1725;;21,797;44,079;22,282;29,315;7,518;33,7402387577417;11,4;13,3402929719056;; ;
A16R02;A16R02-15;15;62,5;60;65;1;1,72;1,72;;22,25;23,946;1,696;22,807;0,556999999999999;32,8419811320754;;12,5390471698112;; ;
A16R02;A16R02-16;16;67,5;65;70;1;2,08;2,08;;30,794;32,845;2,051;31,453;0,658999999999999;32,1306679668454;;11,9045558264261;; ;
A16R02;A16R02-17;17;82,5;80;85;2;10,67;5,335;;22,235;32,757;10,522;26,379;4,144;39,3841475004752;;18,3746595704239;; ;
A16R02;A16R02-18;18;87,5;85;90;4;24,9;6,225;;30,843;55,519;24,676;40,025;9,182;37,2102447722483;;16,4355383368455;; ;
A16R02;A16R02-19;19;92,5;90;95;7;50,2;7,17142857142857;;32,745;49,368;16,623;39,009;6,264;37,6827287493232;;16,8569940443963;; ;
A16R02;A16R02-20;20;97,5;95;100;21;150,4;7,16190476190476;;31,301;46,726;15,425;36,421;5,12;33,192868719611;12,47;12,852038897893;; ;
A16R02;A16R02-21;21;102,5;100;105;25;207,5;8,3;;31,554;48,628;17,074;37,047;5,493;32,1717230877357;10,9;11,9411769942603;; ;
A16R02;A16R02-22;22;107,5;105;110;25;226,6;9,064;;22,113;39,71;17,597;27,77;5,657;32,1475251463318;12,16;11,9195924305279;; ;
A16R02;A16R02-23;23;112,5;110;115;8;79,7;9,9625;;23,005;40,58;17,575;28,218;5,213;29,6614509246088;;9,70201422475107;; ;
A16R02;A16R02-24;24;117,5;115;120;7;77,9;11,1285714285714;;21,874;36,043;14,169;26,423;4,549;32,1053003034794;;11,8819278707036;; ;
A16R02;A16R02-25;25;122,5;120;125;1;11,6;11,6;;30,77;42,273;11,503;33,478;2,708;23,541684777884;;4,24318282187256;; ;
A16R03;A16R03-26;26;87,5;85;90;1;7,2;7,2;;31,19;38,268;7,078;34,291;3,101;43,8118112461147;;22,3241356315343;Это не ошибка! Просто выброс; ;
A16R03;A16R03-27;27;97,5;95;100;7;55,3;7,9;;30,98;52,196;21,216;38,049;7,069;33,3191930618401;;12,9647202111614;; ;
A16R03;A16R03-28;28;102,5;100;105;10;121,7;12,17;;32,369;50,592;18,223;38,777;6,408;35,1643527410416;14,85;14,6106026450091;; ;
A16R03;A16R03-29;29;107,5;105;110;28;285,5;10,1964285714286;;21,776;37,01;15,234;26,622;4,846;31,8104240514638;12;11,6188982539057;; ;
A16R03;A16R03-30;30;112,5;110;115;15;164,34;10,956;;30,985;46,368;15,383;36,011;5,026;32,6724306052136;14,71;12,3878080998505;; ;
A16R03;A16R03-31;31;117,5;115;120;7;93,3;13,3285714285714;;22,468;38,417;15,949;27,818;5,35;33,5444228478275;;13,1656251802621;; ;
A16R03;A16R03-32;32;122,5;120;125;4;52,95;13,2375;;22,438;43,435;20,997;28,994;6,556;31,2235081202077;;11,0953692432252;; ;
A16R04;A16R04-33;33;62,5;60;65;4;8,21;2,0525;;31,398;39,428;8,03;34,205;2,807;34,9564134495641;;14,4251207970112;; ;
A16R04;A16R04-34;34;67,5;65;70;4;10,15;2,5375;;23,056;33,03;9,974;26,757;3,701;37,1064768397834;;16,3429773410868;; ;
A16R04;A16R04-35;35;72,5;70;75;13;39,9;3,06923076923077;;31,182;48,542;17,36;37,582;6,4;36,8663594470046;;16,1287926267281;; ;
A16R04;A16R04-36;36;77,5;75;80;8;30,9;3,8625;;31,354;47,14;15,786;37,134;5,78;36,6147219054859;;15,9043319396934;; ;
A16R04;A16R04-37;37;82,5;80;85;5;21,9;4,38;;23,183;39,597;16,414;29,59;6,407;39,033751675399;;18,0621064944559;; ;
A16R04;A16R04-38;38;87,5;85;90;13;81,5;6,26923076923077;;30,986;49,367;18,381;38,891;7,905;43,0063652684838;;21,6056778194875;; ;
A16R04;A16R04-39;39;92,5;90;95;20;155,2;7,76;;31,856;48,431;16,575;38,971;7,11499999999999;42,9260935143288;18,1;21,5340754147813;; ;
A16R04;A16R04-40;40;97,5;95;100;21;188,5;8,97619047619048;;31,534;46,032;14,498;37,632;6,098;42,0609739274383;19,5;20,7623887432749;; ;
A16R04;A16R04-41;41;102,5;100;105;16;151,2;9,45;;31,479;49,107;17,628;38,769;7,29;41,354663036079;21;20,1323594281824;; ;
A16R04;A16R04-42;42;107,5;105;110;9;102,3;11,3666666666667;;32,53;50,179;17,649;39,731;7,201;40,8011785370276;;19,6386512550286;; ;
A16R04;A16R04-43;43;112,5;110;115;8;94,1;11,7625;;31,077;47,783;16,706;37,449;6,372;38,1419849155992;;17,2666505447145;; ;
A16R04;A16R04-44;44;117,5;115;120;3;40,5;13,5;;22,459;38,325;15,866;28,769;6,31;39,7705785957393;;18,7193561073995;; ;
A16R04;A16R04-45;45;137,5;135;140;1;21,8;21,8;;32,378;53,958;21,58;39,763;7,385;34,2215013901761;;13,7695792400371;; ;
A16R05;A16R05-46;46;92,5;90;95;5;39,4;7,88;;22,224;40,662;18,438;29,598;7,374;39,9934917019199;;18,9181945981126;; ;
A16R05;A16R05-47;47;97,5;95;100;16;147,3;9,20625;;31,333;49,147;17,814;38,416;7,083;39,7608622431795;16,8;18,7106891209161;; ;
A16R05;A16R05-48;48;102,5;100;105;19;205;10,7894736842105;;31,672;49,689;18,017;38,655;6,983;38,7578398179497;16,5;17,8159931176112;; ;
A16R05;A16R05-49;49;107,5;105;110;22;240,4;10,9272727272727;;22,014;36,081;14,067;27,394;5,38;38,2455392052321;12,77;17,359020971067;; ;
A16R05;A16R05-50;50;112,5;110;115;6;70,4;11,7333333333333;;32,348;49,068;16,72;38,792;6,444;38,5406698564594;;17,6222775119617;; ;
A16R05;A16R05-51;51;117,5;115;120;7;90,2;12,8857142857143;;32,374;44,592;12,218;36,86;4,486;36,716320183336;;15,9949576035358;; ;
A16R05;A16R05-52;52;127,5;125;130;1;18,6;18,6;;31,634;49,394;17,76;37,601;5,967;33,597972972973;;13,2133918918919;; ;
A16R06;A16R06-53;53;67,5;65;70;2;4,58;2,29;;22,377;26,898;4,521;23,986;1,609;35,5894713558947;;14,9898084494581;; ;
A16R06;A16R06-54;54;72,5;70;75;3;8,85;2,95;;31,274;40,018;8,744;34,553;3,279;37,5;;16,694;; ;
A16R06;A16R06-55;55;82,5;80;85;3;16,2;5,4;;31,792;47,85;16,058;38,29;6,498;40,4658114335534;;19,3395037987296;; ;
A16R06;A16R06-56;56;87,5;85;90;1;5,75;5,75;;31,738;37,42;5,682;33,917;2,179;38,3491728264696;;17,4514621612109;; ;
A16R06;A16R06-57;57;92,5;90;95;18;122,5;6,80555555555556;;31,613;48,798;17,185;38,305;6,692;38,9409368635438;15,3;17,9793156822811;; ;
A16R06;A16R06-58;58;97,5;95;100;42;322,6;7,68095238095238;;32,155;49,79;17,635;38,738;6,583;37,3291749362064;14,68;16,5416240430961;; ;
A16R06;A16R06-59;59;102,5;100;105;21;181,4;8,63809523809524;;30,405;46,536;16,131;36,452;6,047;37,4868266071539;12,7;16,6822493335813;; ;
A16R06;A16R06-60;60;107,5;105;110;18;168,5;9,36111111111111;;32,263;50,233;17,97;38,697;6,434;35,8041179744018;;15,1812732331664;; ;
A16R06;A16R06-61;61;112,5;110;115;6;67;11,1666666666667;;31,039;46,124;15,085;36,615;5,576;36,9638713954259;;16,2157732847199;; ;
A16R07;A16R07-62;62;47,5;45;50;1;0,54;0,54;;31,57;32,108;0,537999999999997;31,689;0,119;22,1189591078068;;2,97411152416365;; ;
A16R07;A16R07-63;63;52,5;50;55;1;0,83;0,83;;22,416;23,24;0,823999999999998;22,62;0,204000000000001;24,7572815533982;;5,32749514563119;; ;
A16R07;A16R07-64;64;62,5;60;65;1;1,5;1,5;;30,959;32,462;1,503;31,43;0,471;31,3373253493013;;11,1968942115768;; ;
A16R07;A16R07-65;65;67,5;65;70;5;11,1;2,22;;31,08;42,375;11,295;34,955;3,875;34,307215582116;;13,8460362992474;; ;
A16R07;A16R07-66;66;72,5;70;75;1;2,59;2,59;;30,742;33,287;2,545;31,63;0,887999999999998;34,8919449901768;;14,3676149312377;; ;
A16R07;A16R07-67;67;82,5;80;85;1;5,76;5,76;;22,013;27,738;5,725;24,645;2,632;45,9737991266375;;24,2526288209607;; ;
A16R07;A16R07-68;68;87,5;85;90;8;50;6,25;;30,788;48,895;18,107;37,897;7,109;39,2610592588502;;18,2648648588943;; ;
A16R07;A16R07-69;69;92,5;90;95;18;122,5;6,80555555555556;;31,555;49,257;17,702;37,854;6,299;35,5835498813693;15,76;14,9845264941814;; ;
A16R07;A16R07-70;70;97,5;95;100;31;236,9;7,64193548387097;;22,228;39,977;17,749;28,374;6,146;34,6273029466449;13;14,1315542284072;; ;
A16R07;A16R07-71;71;102,5;100;105;30;278,3;9,27666666666667;;21,938;38,885;16,947;28,159;6,221;36,7085619873724;15,3;15,9880372927362;; ;
A16R07;A16R07-72;72;107,5;105;110;15;139,9;9,32666666666667;;22,108;37,161;15,053;27,311;5,203;34,5645386301734;;14,0755684581147;; ;
A16R07;A16R07-73;73;112,5;110;115;1;13,06;13,06;;22,184;35,303;13,119;28,021;5,837;44,492720481744;;22,9315066697157;; ;
A16R07;A16R07-74;74;117,5;115;120;3;36,9;12,3;;31,433;51,013;19,58;38,883;7,45;38,0490296220633;;17,1837344228805;; ;
A16R08;A16R08-75;75;67,5;65;70;2;4,3;2,15;;31,367;35,628;4,261;32,661;1,294;30,3684581084253;;10,3326646327153;; ;
A16R08;A16R08-76;76;87,5;85;90;4;25,2;6,3;;22,356;36,572;14,216;27,925;5,569;39,1741699493528;;18,1873595948227;; ;
A16R08;A16R08-77;77;92,5;90;95;5;38,3;7,66;;32,744;48,549;15,805;39,281;6,537;41,360329009807;;20,1374134767479;; ;
A16R08;A16R08-78;78;97,5;95;100;18;155,1;8,61666666666667;;31,343;48,264;16,921;38,001;6,658;39,3475562909993;20,6;18,3420202115714;Ошибка взвешивания 55.1 г. - исправлено на более правдободобное число 155.1 г; ;
A16R08;A16R08-79;79;102,5;100;105;21;209,7;9,98571428571429;;21,863;38,841;16,978;28,495;6,632;39,0623159382731;18,1;18,0875858169396;; ;
A16R08;A16R08-80;80;107,5;105;110;23;261,3;11,3608695652174;;23,11;39,773;16,663;29,716;6,606;39,6447218388045;20,7;18,6070918802136;; ;
A16R08;A16R08-81;81;112,5;110;115;14;179;12,7857142857143;;22,442;38,596;16,154;29,015;6,573;40,6896124798812;;19,539134332054;; ;
A16R08;A16R08-82;82;117,5;115;120;3;39,1;13,0333333333333;;31,289;48,029;16,74;37,511;6,222;37,168458781362;;16,3982652329749;; ;
A16R09;A16R09-83;83;77,5;75;80;2;10,3;5,15;;31,775;41,912;10,137;35,93;4,155;40,9884581237053;;19,8057046463451;; ;
A16R09;A16R09-84;84;82,5;80;85;1;6,08;6,08;;32,033;38,027;5,994;34,473;2,44;40,7073740407073;;19,5549776443109;; ;
A16R09;A16R09-85;85;87,5;85;90;9;51,3;5,7;;31,189;45,408;14,219;36,532;5,343;37,576482171742;;16,7622220971939;; ;
A16R09;A16R09-86;86;92,5;90;95;17;112,7;6,62941176470588;;31,922;47,07;15,148;37,861;5,939;39,2064959070504;;18,216194349089;; ;
A16R09;A16R09-87;87;97,5;95;100;25;187,6;7,504;;31,933;48,859;16,926;38,212;6,279;37,0967741935484;;16,3343225806452;; ;
A16R09;A16R09-88;88;102,5;100;105;16;130;8,125;;31,711;48,129;16,418;37,808;6,097;37,13607016689;;16,3693745888659;; ;
A16R09;A16R09-89;89;107,5;105;110;9;81,2;9,02222222222222;;31,41;48,092;16,682;37,684;6,274;37,6093993525956;;16,7915842225153;; ;
A16R09;A16R09-90;90;112,5;110;115;5;52,7;10,54;;31,196;47,955;16,759;37,403;6,207;37,0368160391431;;16,2808399069157;; ;
A16R10;A16R10-91;91;67,5;65;70;2;4,943;2,4715;;21,98;26,782;4,802;23,589;1,609;33,5068721366097;;13,1321299458559;; ;
A16R10;A16R10-92;92;77,5;75;80;1;5,15;5,15;;31,608;36,675;5,067;33,684;2,076;40,97098875074;;19,7901219656601;; ;
A16R10;A16R10-93;93;87,5;85;90;8;52,845;6,605625;;30,433;45,234;14,801;36,317;5,884;39,7540706709006;;18,7046310384434;; ;
A16R10;A16R10-94;94;92,5;90;95;7;48,119;6,87414285714286;;32,237;50,87;18,633;39,229;6,992;37,5248215531584;;16,7161408254173;; ;
A16R10;A16R10-95;95;97,5;95;100;39;305,99;7,84589743589744;;31,366;52,683;21,317;39,067;7,701;36,1260965426655;15,5;15,4684781160576;; ;
A16R10;A16R10-96;96;102,5;100;105;23;198,162;8,61573913043478;;22,445;40,588;18,143;28,809;6,364;35,0768891583531;15,4;14,532585129251;; ;
A16R10;A16R10-97;97;107,5;105;110;18;178,113;9,89516666666667;;32,733;51,357;18,624;39,142;6,40900000000001;34,4125859106529;13,1;13,9400266323024;; ;
A16R10;A16R10-98;98;112,5;110;115;7;74,406;10,6294285714286;;31,319;46,473;15,154;36,879;5,56;36,6899828428138;;15,9714646957899;; ;
A16R10;A16R10-99;99;117,5;115;120;1;10,04;10,04;;23,267;33,084;9,817;26,39;3,123;31,8121625751248;;11,6204490170113;; ;
A16R11;A16R11-100;100;57,5;55;60;2;2,67;1,335;;22,227;24,856;2,629;22,953;0,725999999999999;27,6150627615062;;7,87663598326355;; ;
A16R11;A16R11-101;101;62,5;60;65;4;9,46;2,365;;21,807;31,094;9,287;24,528;2,721;29,2990201356735;;9,37872596102078;; ;
A16R11;A16R11-102;102;67,5;65;70;12;31,2;2,6;;32,494;52,123;19,629;39,055;6,561;33,4250343878955;;13,0591306740028;; ;
A16R11;A16R11-103;103;72,5;70;75;7;20,8;2,97142857142857;;31,425;51,935;20,51;38,119;6,694;32,6377376889322;;12,3568620185275;; ;
A16R11;A16R11-104;104;77,5;75;80;5;20,8;4,16;;31,042;51,612;20,57;38,267;7,225;35,1239669421488;;14,5745785123967;; ;
A16R11;A16R11-105;105;82,5;80;85;3;14,8;4,93333333333333;;31,328;45,954;14,626;36,771;5,443;37,2145494325174;;16,4393780938056;; ;
A16R11;A16R11-106;106;87,5;85;90;13;74,5;5,73076923076923;;31,182;48,747;17,565;36,954;5,772;32,8608027327071;;12,5558360375747;; ;
A16R11;A16R11-107;107;92,5;90;95;25;154,9;6,196;;31,619;47,586;15,967;36,382;4,763;29,830274942068;10,45;9,85260524832466;; ;
A16R11;A16R11-108;108;97,5;95;100;32;236,6;7,39375;;31,234;49,655;18,421;36,729;5,495;29,8300852288149;11,1;9,85243602410291;; ;
A16R11;A16R11-109;109;102,5;100;105;19;155,2;8,16842105263158;;31,342;45,847;14,505;35,877;4,535;31,2650810065495;11,5;11,1324522578421;; ;
A16R11;A16R11-110;110;107,5;105;110;13;117,8;9,06153846153846;;32,601;49,144;16,543;37,752;5,151;31,1370368131536;;11,018236837333;; ;
A16R11;A16R11-111;111;112,5;110;115;2;19,8;9,9;;30,948;50,642;19,694;37,393;6,445;32,7257032598761;;12,4353273078095;; ;
A16R11;A16R11-112;112;52,5;50;55;1;0,825;0,825;;30,727;31,524;0,797000000000001;30,913;0,186;23,3375156838143;;4,06106398996234;; ;
A16R12;A16R12-113;113;52,5;50;55;9;7;0,777777777777778;;22,244;29,098;6,854;23,795;1,551;22,6291216807704;;3,42917653924718;; ;
A16R12;A16R12-114;114;57,5;55;60;5;5,07;1,014;;22,41;27,307;4,897;23,716;1,306;26,6693894220952;;7,03309536450891;; ;
A16R12;A16R12-115;115;62,5;60;65;8;13,3;1,6625;;31,545;44,605;13,06;35,54;3,995;30,5895865237366;;10,529911179173;; ;
A16R12;A16R12-116;116;67,5;65;70;5;10;2;;22,325;32,118;9,793;25,43;3,105;31,7063208414173;;11,5260381905443;; ;
A16R12;A16R12-117;117;72,5;70;75;10;28,6;2,86;;22,289;38,974;16,685;27,951;5,662;33,934671860953;;13,51372729997;; ;
A16R12;A16R12-118;118;77,5;75;80;3;13,47;4,49;;31,221;44,5;13,279;36,941;5,72;43,0755327961443;;21,6673752541607;; ;
A16R12;A16R12-119;119;82,5;80;85;2;9,17;4,585;;31,314;40,388;9,074;34,768;3,454;38,0648005289839;;17,1978020718537;; ;
A16R12;A16R12-120;120;87,5;85;90;8;48;6;;22,271;41,096;18,825;29,432;7,161;38,0398406374502;;17,1755378486056;; ;
A16R12;A16R12-121;121;92,5;90;95;19;120,4;6,33684210526316;;32,374;51,208;18,834;38,896;6,522;34,6288626951258;;14,1329455240522;; ;
A16R12;A16R12-122;122;97,5;95;100;45;324,7;7,21555555555556;;22,225;41,762;19,537;28,959;6,734;34,4679326406306;17,3;13,9893959154425;; ;
A16R12;A16R12-123;123;102,5;100;105;26;207,7;7,98846153846154;;23,162;41,172;18,01;29,209;6,047;33,5757912270961;13,55;13,1936057745697;; ;
A16R12;A16R12-124;124;107,5;105;110;17;148,8;8,75294117647059;;21,765;35,272;13,507;26,28;4,515;33,4271118679203;12,24;13,0609837861849;; ;
A16R12;A16R12-125;125;112,5;110;115;3;33,97;11,3233333333333;;22,12;40,612;18,492;29,1;6,98;37,7460523469608;;16,9134786934891;; ;
A16R13;A16R13-126;126;67,5;65;70;1;2,06;2,06;;21,902;23,924;2,022;22,593;0,690999999999999;34,1740850642928;;13,7272838773491;; ;
A16R13;A16R13-127;127;72,5;70;75;12;33,19;2,76583333333333;;22,455;36,661;14,206;26,913;4,458;31,3811065746868;;11,2359470646206;; ;
A16R13;A16R13-128;128;77,5;75;80;13;44,63;3,43307692307692;;32,372;48,281;15,909;37,718;5,346;33,6036205921177;;13,218429568169;; ;
A16R13;A16R13-129;129;82,5;80;85;10;43,37;4,337;;30,413;49,745;19,332;37,297;6,884;35,6093523691289;;15,007542313263;; ;
A16R13;A16R13-130;130;87,5;85;90;18;98,06;5,44777777777778;;31,286;46,574;15,288;36,915;5,629;36,8197278911565;;16,0871972789116;; ;
A16R13;A16R13-131;131;92,5;90;95;29;174,8;6,02758620689655;;31,559;46,338;14,779;37,003;5,444;36,836051153664;15,3238546603475;16,1017576290683;; ;
A16R13;A16R13-132;132;97,5;95;100;38;270,4;7,11578947368421;;32,038;49,531;17,493;38,225;6,187;35,3684330875207;14,2905405405405;14,7926423140685;; ;
A16R13;A16R13-133;133;102,5;100;105;34;275,6;8,10588235294118;;22,503;42,262;19,759;29,33;6,827;34,5513436914824;14,8471615720524;14,0637985728023;; ;
A16R13;A16R13-134;134;107,5;105;110;25;219,4;8,776;;22,663;44,636;21,973;29,797;7,134;32,4671187366313;;12,2046699130751;; ;
A16R13;A16R13-135;135;112,5;110;115;9;92,5;10,2777777777778;;23,111;44,851;21,74;30,584;7,473;34,3744250229991;;13,9059871205152;; ;
A16R13;A16R13-136;136;117,5;115;120;1;10,6;10,6;;21,77;32,227;10,457;24,558;2,788;26,6615664148417;;7,02611724203883;; ;
A16R13;A16R13-137;137;127,5;125;130;1;14,6;14,6;;31,426;45,917;14,491;35,772;4,346;29,9910289144986;;9,99599779173279;; ;
A16R14;A16R14-138;138;67,5;65;70;3;6;2;;22,235;28,135;5,9;24,051;1,816;30,7796610169491;;10,6994576271186;; ;
A16R14;A16R14-139;139;72,5;70;75;6;14,9;2,48333333333333;;32,735;47,324;14,589;37,024;4,289;29,3988621564192;;9,46778504352596;; ;
A16R14;A16R14-140;140;77,5;75;80;5;15,47;3,094;;31,181;46,443;15,262;35,768;4,587;30,0550386581051;;10,0530944830298;; ;
A16R14;A16R14-141;141;82,5;80;85;4;16,58;4,145;;31,2;47,642;16,442;36,929;5,729;34,8436929813891;;14,3245741393991;; ;
A16R14;A16R14-142;142;87,5;85;90;6;32;5,33333333333333;;32,614;48,45;15,836;38,163;5,549;35,0404142460217;;14,5000495074514;; ;
A16R14;A16R14-143;143;92,5;90;95;23;140,8;6,12173913043478;;31,883;50,153;18,27;38,088;6,205;33,9627805145047;;13,5388002189382;; ;
A16R14;A16R14-144;144;97,5;95;100;29;209,2;7,21379310344828;;32,505;47,927;15,422;37,857;5,352;34,7036700817015;14,6033653846154;14,1996737128777;; ;
A16R14;A16R14-145;145;102,5;100;105;57;455,3;7,98771929824561;;31,192;49,311;18,119;37,143;5,951;32,8439759368619;12,8206521739131;12,5408265356808;; ;
A16R14;A16R14-146;146;107,5;105;110;33;294;8,90909090909091;;31,343;48,829;17,486;37,165;5,822;33,2952075946471;13,5773026315789;12,9433251744252;; ;
A16R14;A16R14-147;147;112,5;110;115;19;197;10,3684210526316;;22,403;42,165;19,762;28,554;6,151;31,1253921667847;;11,007849812772;; ;
A16R14;A16R14-148;148;117,5;115;120;8;94,1;11,7625;;21,969;41,893;19,924;28,296;6,327;31,7556715518972;;11,5700590242923;; ;
A16R15;A16R15-149;149;87,5;85;90;3;20,538;6,846;;22,13;42,242;20,112;30,651;8,521;42,3677406523469;;21,0360246618934;; ;
A16R15;A16R15-150;150;92,5;90;95;10;72,91;7,291;;31,355;50,656;19,301;38,529;7,174;37,1690585980001;;16,3988002694161;; ;
A16R15;A16R15-151;151;97,5;95;100;22;180;8,18181818181818;;30,404;46,761;16,357;36,315;5,911;36,1374335147032;17,7540983606559;15,4785906951152;; ;
A16R15;A16R15-152;152;102,5;100;105;24;211,161;8,798375;;23,622;38,004;14,382;29,175;5,553;38,6107634543179;17,55;17,6848010012516;; ;
A16R15;A16R15-153;153;107,5;105;110;21;182;8,66666666666667;;31,609;47,557;15,948;37,033;5,424;34,0105342362679;12,5948735019973;13,5813965387509;; ;
A16R15;A16R15-154;154;112,5;110;115;8;89,5;11,1875;;31,364;49,507;18,143;37,592;6,228;34,3272887615058;;13,8639415752632;; ;
A16R15;A16R15-155;155;117,5;115;120;4;51,78;12,945;;31,241;47,598;16,357;36,96;5,719;34,9636241364553;;14,4315527297182;; ;
A16R15;A16R15-156;156;122,5;120;125;1;16,77;16,77;;32,142;48,733;16,591;37,754;5,61199999999999;33,825568079079;;13,4164067265385;; ;
A16R16;A16R16-157;157;67,5;65;70;2;3,36;1,68;;32,238;35,531;3,293;33,261;1,023;31,0658973580323;;10,9547804433648;; ;
A16R16;A16R16-158;158;72,5;70;75;8;21,5;2,6875;;31,325;52,476;21,151;38,811;7,486;35,393125620538;;14,8146680535199;; ;
A16R16;A16R16-159;159;77,5;75;80;11;36,5;3,31818181818182;;22,239;40,557;18,318;28,803;6,564;35,8336062888962;;15,2075768096954;; ;
A16R16;A16R16-160;160;82,5;80;85;7;31,7;4,52857142857143;;31,467;47,177;15,71;37,643;6,176;39,3125397835773;;18,310785486951;; ;
A16R16;A16R16-161;161;87,5;85;90;10;54,8;5,48;;32,373;50,079;17,706;39,129;6,756;38,1565570992884;;17,2796489325652;; ;
A16R16;A16R16-162;162;92,5;90;95;27;173,8;6,43703703703704;;23,162;40,586;17,424;30,018;6,856;39,3480257116621;13,5976331360947;18,3424389348026;часть экстракта выплеснулась, величина TL занижена; ;
A16R16;A16R16-163;163;97,5;95;100;36;252,2;7,00555555555556;;29,983;48,882;18,899;37,056;7,073;37,4252605957987;16,5009842519685;16,6273324514525;; ;
A16R16;A16R16-164;164;102,5;100;105;23;181,6;7,89565217391304;;31,706;45,968;14,262;36,9;5,194;36,4184546346936;15,2424483306836;15,7292615341467;; ;
A16R16;A16R16-165;165;107,5;105;110;8;70,7;8,8375;;22,622;36,468;13,846;27,674;5,052;36,4870720785786;;15,7904682940921;; ;
A16R16;A16R16-166;166;112,5;110;115;8;73,9;9,2375;;23,002;39,085;16,083;28,744;5,742;35,7022943480694;;15,0904465584779;; ;
A16R16;A16R16-167;167;117,5;115;120;1;8,15;8,15;;30,85;38,974;8,124;33,186;2,336;28,7543082225505;;8,89284293451502;; ;
A16R17;A16R17-168;168;62,5;60;65;1;1,43;1,43;;22,38;23,78;1,4;22,791;0,411000000000001;29,3571428571429;;9,43057142857148;; ;
A16R17;A16R17-169;169;67,5;65;70;2;4,8;2,4;;31,294;36,011;4,717;32,941;1,647;34,9162603349587;;14,3893042187831;; ;
A16R17;A16R17-170;170;72,5;70;75;4;10,9;2,725;;32,353;43,027;10,674;36,331;3,978;37,2681281618887;;16,4871703204047;; ;
A16R17;A16R17-171;171;77,5;75;80;1;3,14;3,14;;21,85;24,954;3,104;22,985;1,135;36,5657216494845;;15,8606237113402;; ;
A16R17;A16R17-172;172;87,5;85;90;5;29,8;5,96;;31,51;49,861;18,351;38,364;6,854;37,3494632445098;;16,5597212141028;; ;
A16R17;A16R17-173;173;92,5;90;95;15;94,5;6,3;;31,57;50,3;18,73;38,448;6,878;36,7218366257341;17,8181818181818;15,9998782701548;; ;
A16R17;A16R17-174;174;97,5;95;100;38;265;6,97368421052632;;31,009;48,071;17,062;36,958;5,949;34,8669558082288;14,933110367893;14,3453245809401;; ;
A16R17;A16R17-175;175;82,5;80;85;3;15,5;5,16666666666667;;32,953;48,267;15,314;39,255;6,302;41,1518871620739;;19,9514833485699;!!! Здесь просто был изменен порядок нумерации; ;
A16R17;A16R17-176;176;102,5;100;105;22;182;8,27272727272727;;22,222;40,659;18,437;28,944;6,722;36,4592938113576;17,4141221374046;15,765690079731;; ;
A16R17;A16R17-177;177;107,5;105;110;17;145,6;8,56470588235294;;22,454;41,445;18,991;28,863;6,409;33,7475646358801;;13,3468276552051;; ;
A16R17;A16R17-178;178;112,5;110;115;2;19,47;9,735;;22,02;41,287;19,267;28,451;6,431;33,3783152540614;;13,0174572066227;; ;
A16R17;A16R17-179;179;117,5;115;120;3;31,8;10,6;;30,726;50,702;19,976;36,948;6,222;31,1473768522227;;11,0274601521826;; ;
A16R18;A16R18-180;180;67,5;65;70;3;6,16;2,05333333333333;;22,096;28,099;6,003;24,21;2,114;35,2157254705981;;14,6564271197735;; ;
A16R18;A16R18-181;181;72,5;70;75;2;6,5;3,25;;30,849;37,276;6,427;33,444;2,595;40,3765364866968;;19,2598705461335;; ;
A16R18;A16R18-182;182;82,5;80;85;2;11,17;5,585;;30,979;42,028;11,049;35,656;4,677;42,3296225902797;;21,0020233505295;; ;
A16R18;A16R18-183;183;87,5;85;90;9;58,4;6,48888888888889;;31,294;52,873;21,579;40,286;8,992;41,6701422679457;;20,4137669030076;; ;
A16R18;A16R18-184;184;92,5;90;95;11;82,2;7,47272727272727;;31,191;49,939;18,748;39,219;8,028;42,8205675272029;;21,439946234265;; ;
A16R18;A16R18-185;185;97,5;95;100;22;183,2;8,32727272727273;;30,793;49,765;18,972;38,482;7,689;40,528146742568;20,5882352941177;19,3951068943706;; ;
A16R18;A16R18-186;186;102,5;100;105;28;248;8,85714285714286;;32,535;50,185;17,65;39,42;6,88500000000001;39,0084985835694;19,1017964071856;18,0395807365439;; ;
A16R18;A16R18-187;187;107,5;105;110;20;205;10,25;;31,18;49,845;18,665;38,521;7,341;39,3302973479775;18,0681818181818;18,3266252343959;; ;
A16R18;A16R18-188;188;112,5;110;115;5;58;11,6;;22,454;41,307;18,853;29,911;7,457;39,5533867289026;;18,5256209621811;; ;
A16R20;A16R20-198;198;72,5;70;75;1;3,11;3,11;;31,721;34,81;3,089;32,72;0,998999999999999;32,3405632890903;;12,0917824538685;; ;
A16R20;A16R20-199;199;77,5;75;80;1;3,34;3,34;;32,367;35,655;3,288;33,423;1,056;32,116788321168;;11,8921751824818;; ;
A16R20;A16R20-200;200;82,5;80;85;1;4,61;4,61;;31,188;35,714;4,526;33,008;1,82;40,212107821476;;19,1132001767566;; ;
A16R20;A16R20-201;201;87,5;85;90;4;23;5,75;;31,183;46,966;15,783;36,729;5,546;35,1390736868783;;14,5880537286954;; ;
A16R20;A16R20-202;202;92,5;90;95;22;144,4;6,56363636363636;;32,488;50,056;17,568;38,552;6,064;34,5173041894353;;14,0334353369763;; ;
A16R20;A16R20-203;203;97,5;95;100;34;250,1;7,35588235294118;;31,263;47,996;16,733;37,003;5,74;34,3034721807207;13,9423076923077;13,8426971852029;; ;
A16R20;A16R20-204;204;102,5;100;105;24;197,6;8,23333333333333;;31,351;46,145;14,794;36,542;5,191;35,0885494119238;14,5833333333333;14,542986075436;; ;
A16R20;A16R20-205;205;107,5;105;110;22;194,5;8,84090909090909;;31,247;47,918;16,671;36,93;5,683;34,0891368244257;14,6586345381526;13,6515100473877;; ;
A16R20;A16R20-206;206;112,5;110;115;6;58,7;9,78333333333333;;31,269;48,246;16,977;37,011;5,742;33,8222300759852;;13,4134292277788;; ;
A16R20;A16R20-207;207;117,5;115;120;2;24,3;12,15;;30,875;45,654;14,779;35,907;5,032;34,0483117937614;;13,6150941200352;; ;
A16R19;A16R19-189;189;77,5;75;80;3;10,05;3,35;;22,319;32,08;9,761;25,739;3,42;35,0373937096609;0;14,4973551890175;; ;
A16R19;A16R19-190;190;82,5;80;85;1;4,42;4,42;;22,235;26,542;4,307;23,835;1,6;37,1488274901324;0;16,3807541211981;; ;
A16R19;A16R19-191;191;87,5;85;90;9;47,5;5,27777777777778;;30,671;48,414;17,743;37,409;6,738;37,9755396494392;0;17,1181813672998;; ;
A16R19;A16R19-192;192;92,5;90;95;25;161,6;6,464;;31,301;51,809;20,508;38,818;7,517;36,6539886873415;18,7;15,9393579091086;; ;
A16R19;A16R19-193;193;97,5;95;100;34;230,9;6,79117647058824;;30,89;47,921;17,031;36,629;5,739;33,6973753743174;13,7855579868708;13,3020588338911;; ;
A16R19;A16R19-194;194;102,5;100;105;29;227,6;7,84827586206897;;32,373;49,452;17,079;38,174;5,801;33,9656888576615;15,3081510934394;13,541394461034;; ;
A16R19;A16R19-195;195;107,5;105;110;23;200,5;8,71739130434783;;30,756;45,523;14,767;35,733;4,977;33,7035281370623;0;13,3075470982596;; ;
A16R19;A16R19-196;196;112,5;110;115;6;53;8,83333333333333;;31,588;49,238;17,65;37,039;5,451;30,8838526912181;0;10,7923966005666;; ;
A16R21;A16R21-208;208;67,5;65;70;1;2,23;2,23;255;22,453;24,66;2,207;23,106;0,653000000000002;29,5876755777074;0;9,63620661531499;; ;
A16R21;A16R21-209;209;72,5;70;75;3;7,86;2,62;201;22,54;30,35;7,81;24,871;2,331;29,8463508322663;0;9,86694494238155;; ;
A16R21;A16R21-210;210;77,5;75;80;5;15,3;3,06;229;22,037;37,146;15,109;26,638;4,601;30,4520484479449;0;10,4072272155669;; ;
A16R22;A16R22-220;220;87,5;85;90;1;5,69;5,69;363;23,23;28,865;5,635;25,507;2,277;40,4081632653062;;19,2880816326531;; ;
A16R22;A16R22-221;221;92,5;90;95;3;18,1;6,03333333333333;249;22,172;40,082;17,91;28,047;5,875;32,8029034059185;;12,5041898380793;; ;
A16R22;A16R22-222;222;97,5;95;100;14;98,3;7,02142857142857;340;22,634;39,894;17,26;28,36;5,726;33,1749710312862;;12,8360741599073;; ;
A16R22;A16R22-223;223;102,5;100;105;47;366,7;7,80212765957447;335;22,003;39,82;17,817;27,836;5,833;32,7383959140147;16,3265306122449;12,4466491553011;; ;
A16R22;A16R22-224;224;107,5;105;110;52;450,1;8,65576923076923;295;22,211;39,561;17,35;27,738;5,527;31,8559077809798;13,4827586206896;11,659469740634;; ;
A16R22;A16R22-225;225;112,5;110;115;17;167;9,82352941176471;281;22,561;39,468;16,907;27,962;5,401;31,9453480806766;13,8623046874999;11,7392504879636;; ;
A16R22;A16R22-226;226;117,5;115;120;10;112,7;11,27;81;21,944;40,264;18,32;27,766;5,822;31,7794759825327;;11,5912925764192;; ;
A16R22;A16R22-227;227;122,5;120;125;1;13,6;13,6;318;23,149;36,557;13,408;27,659;4,51;33,6366348448687;;13,2478782816229;; ;
A16R23;A16R23-228;228;62,5;60;65;2;2,37;1,185;227;23,138;25,472;2,334;23,747;0,608999999999998;26,0925449871465;;6,51855012853464;; ;
A16R23;A16R23-229;229;67,5;65;70;1;1,8;1,8;247;22,08;23,859;1,779;22,587;0,507000000000001;28,4991568296796;;8,66524789207422;; ;
A16R23;A16R23-230;230;87,5;85;90;1;4,87;4,87;318;22,782;27,611;4,829;24,529;1,747;36,1772623731621;;15,5141180368606;; ;
A16R23;A16R23-231;231;92,5;90;95;9;53,5;5,94444444444444;201;22,501;40,965;18,464;28,908;6,407;34,6999566724437;;14,1963613518198;; ;
A16R23;A16R23-232;232;97,5;95;100;20;133,2;6,66;304;23,027;41,017;17,99;28,838;5,811;32,3012784880489;;12,0567404113396;; ;
A16R21;A16R21-211;211;82,5;80;85;3;10,76;3,58666666666667;Р71725;31,264;41,942;10,678;34,216;2,952;27,6456265218206;0;7,90389885746395;; ;
A16R21;A16R21-212;212;87,5;85;90;12;64,38;5,365;Р72589;31,341;49,103;17,762;37,517;6,176;34,7708591374845;0;14,2596063506362;; ;
A16R21;A16R21-213;213;92,5;90;95;28;165,1;5,89642857142857;Т24276;31,723;48,279;16,556;37,004;5,281;31,8978014013046;0;11,6968388499637;; ;
A16R21;A16R21-214;214;97,5;95;100;50;344,8;6,896;Т28486;32,369;49,081;16,712;37,973;5,604;33,5327908089995;14,5256916996048;13,1552494016276;; ;
A16R21;A16R21-215;215;102,5;100;105;42;334,4;7,96190476190476;Р65410;31,187;49,467;18,28;37,037;5,85;32,0021881838074;13,7147887323943;11,7899518599562;; ;
A16R21;A16R21-216;216;107,5;105;110;29;253,9;8,7551724137931;274;22,511;41,271;18,76;28,624;6,113;32,5852878464819;14,4;12,3100767590618;; ;
A16R21;A16R21-217;217;112,5;110;115;6;59,75;9,95833333333333;340;22,665;40,804;18,139;28,6;5,935;32,7195545509675;0;12,429842659463;; ;
A16R21;A16R21-218;218;117,5;115;120;4;44;11;62;22,142;41,479;19,337;27,666;5,524;28,5669959145679;0;8,72576035579459;; ;
A16R23;A16R23-233;233;102,5;100;105;41;306,4;7,47317073170732;258;22,44;40,27;17,83;27,931;5,491;30,7964105440269;13,0882352941177;10,714398205272;; ;
A16R23;A16R23-234;234;107,5;105;110;43;360,6;8,38604651162791;385;22,387;39,769;17,382;27,799;5,412;31,1356575768036;12,9216354344122;11,0170065585088;; ;
A16R23;A16R23-235;235;112,5;110;115;28;266,8;9,52857142857143;339;22,211;41,051;18,84;27,874;5,663;30,0583864118896;12,9506641366224;10,0560806794055;; ;
A16R23;A16R23-236;236;117,5;115;120;4;39,3;9,825;Е39204;30,002;48,359;18,357;35,55;5,548;30,222803290298;;10,2027405349458;; ;
A16R24;A16R24-237;237;62,5;60;65;2;3,02;1,51;62;22,101;25,077;2,976;22,902;0,801000000000002;26,9153225806452;;7,25246774193552;; ;
A16R24;A16R24-238;238;87,5;85;90;2;10,35;5,175;308;23,084;33,343;10,259;26,827;3,743;36,4850375280242;;15,7886534749976;; ;
A16R24;A16R24-239;239;92,5;90;95;4;23,4;5,85;289;21,986;45,202;23,216;29,995;8,009;34,4977601654032;;14,0160020675396;; ;
A16R24;A16R24-240;240;97,5;95;100;18;120,4;6,68888888888889;233;22,276;41,643;19,367;28,542;6,266;32,3540042340063;;12,1037717767336;; ;
A16R24;A16R24-241;241;102,5;100;105;41;321,8;7,84878048780488;Р72566;31,23;47,157;15,927;36,363;5,133;32,2282915803353;13,2770870337478;11,9916360896591;; ;
A16R24;A16R24-242;242;107,5;105;110;43;384,4;8,93953488372093;Р71424;30,839;48,565;17,726;36,354;5,515;31,1124901274963;13,5;10,9963411937267;; ;
A16R24;A16R24-243;243;112,5;110;115;18;183,1;10,1722222222222;Т28408;32,488;51,852;19,364;38,474;5,986;30,9130344970047;13,8640776699029;10,8184267713282;; ;
A16R24;A16R24-244;244;117,5;115;120;10;106,4;10,64;3;22,308;38,594;16,286;26,861;4,553;27,9565270784723;;8,1812221539973;; ;
A16R25;A16R25-245;245;57,5;55;60;1;1,03;1,03;201;22,509;23,4;0,890999999999998;22,75;0,241;27,0482603815937;;7,37104826038161;; ;
A16R25;A16R25-246;246;62,5;60;65;2;2,84;1,42;3;22,311;24,77;2,459;22,963;0,652000000000001;26,5148434322896;;6,89524034160232;; ;
A16R25;A16R25-247;247;67,5;65;70;2;3,73;1,865;228;22,239;25,58;3,341;23,104;0,864999999999998;25,8904519604908;;6,33828314875783;; ;
A16R25;A16R25-248;248;72,5;70;75;3;6,42;2,14;274;22,479;28,273;5,794;23,964;1,485;25,6299620296859;;6,1059261304798;; ;
A16R25;A16R25-249;249;77,5;75;80;3;7,8;2,6;295;22,223;29,379;7,156;23,974;1,751;24,4689770821688;;5,07032755729459;; ;
A16R25;A16R25-250;250;82,5;80;85;5;19,2;3,84;258;22,445;40,382;17,937;27,63;5,185;28,9067291074316;;9,02880236382896;; ;
A16R25;A16R25-251;251;87,5;85;90;11;55,3;5,02727272727273;227;23,11;40,908;17,798;28,739;5,629;31,6271491178784;;11,4554170131475;; ;
A16R25;A16R25-252;252;92,5;90;95;26;157,5;6,05769230769231;61;22,299;38,669;16,37;27,92;5,621;34,3372021991448;;13,8727843616372;; ;
A16R25;A16R25-253;253;97,5;95;100;57;391,4;6,86666666666667;280;23,036;40,128;17,092;28,749;5,713;33,4249941493096;14,9753694581281;13,0590947811842;; ;
A16R25;A16R25-254;254;102,5;100;105;48;364;7,58333333333333;340;22,658;40,105;17,447;28,129;5,471;31,3578265604402;14,6116504854368;11,2151812919127;; ;
A16R25;A16R25-255;255;107,5;105;110;50;428;8,56;281;22,575;40,24;17,665;27,812;5,237;29,646193037079;12,3821989528796;9,68840418907444;; ;
A16R25;A16R25-256;256;112,5;110;115;19;135,1;7,11052631578947;335;22,013;39,895;17,882;27,24;5,227;29,2305111285091;;9,31761592663011;; ;
A16R25;A16R25-257;257;117,5;115;120;6;61,37;10,2283333333333;247;22,084;41,112;19,028;27,2;5,116;26,8866932940929;;7,22693041833088;; ;
A16R25;A16R25-258;258;132,5;130;135;1;16,85;16,85;249;22,176;38,411;16,235;27,26;5,084;31,3150600554358;;11,1770335694487;; ;
A16R26;A16R26-259;259;62,5;60;65;1;1,23;1,23;372;21,782;22,927;1,145;22,095;0,312999999999999;27,3362445414846;;7,62793013100428;; ;
A16R26;A16R26-260;260;82,5;80;85;1;3,58;3,58;23;23,608;27,038;3,43;24,765;1,157;33,731778425656;;13,3327463556851;; ;
A16R26;A16R26-261;261;87,5;85;90;4;17,8;4,45;385;22,376;39,305;16,929;27,657;5,281;31,1949908441136;;11,0699318329494;; ;
A16R26;A16R26-262;262;92,5;90;95;13;76,7;5,9;318;22,791;42,829;20,038;29,864;7,073;35,2979339255415;;14,729757061583;; ;
A16R26;A16R26-263;263;97,5;95;100;52;354,9;6,825;233;22,281;40,979;18,698;28,659;6,378;34,110600064178;16,0392798690671;13,6706552572468;; ;
A16R26;A16R26-264;264;102,5;100;105;57;433,3;7,60175438596491;81;21,954;40,343;18,389;27,923;5,969;32,4596226004677;14,9289099526067;12,1979833596171;; ;
A16R26;A16R26-265;265;107,5;105;110;67;572,7;8,54776119402985;304;23,021;41,114;18,093;28,725;5,704;31,5260045321395;13,4328358208954;11,3651960426684;; ;
A16R26;A16R26-266;266;112,5;110;115;21;198,7;9,46190476190476;62;22,103;39,127;17,024;27,563;5,46;32,0723684210526;;11,8525526315789;; ;
A16R26;A16R26-267;267;117,5;115;120;11;112,6;10,2363636363636;5;22,993;41,835;18,842;28,92;5,927;31,4563209850334;;11,3030383186498;; ;
A16R26;A16R26-268;268;122,5;120;125;2;24,78;12,39;219;22,378;38,173;15,795;26,992;4,614;29,2117758784425;;9,30090408357075;; ;
A16R27;A16R27-269;269;77,5;75;80;2;6,79;3,395;;22,272;28,973;6,701;24,467;2,195;32,7563050291001;;12,4626240859573;Средневзвешенная по двум подпробам одного улова; ;
A16R27;A16R27-270;270;82,5;80;85;2;8,79;4,395;;22,3;30,983;8,683;25,385;3,085;35,529194978694;;14,9360419209951;Средневзвешенная по двум подпробам одного улова; ;
A16R27;A16R27-271;271;87,5;85;90;17;92,5;5,44117647058824;;46,128;78,158;32,03;57,691;11,563;36,1005307524196;;15,4456734311583;Средневзвешенная по двум подпробам одного улова; ;
A16R27;A16R27-272;272;92,5;90;95;28;172,3;6,15357142857143;;44,015;76,851;32,836;55,603;11,588;35,2905347789012;;14,7231570227799;Средневзвешенная по двум подпробам одного улова; ;
A16R27;A16R27-273;273;97,5;95;100;58;412,8;7,11724137931034;;44,999;80,401;35,402;57,484;12,485;35,2663691316875;14,0495867768595;14,7016012654652;Средневзвешенная по двум подпробам одного улова; ;
A16R27;A16R27-274;274;102,5;100;105;38;309,6;8,14736842105263;;45,012;78,1;33,088;56,567;11,555;34,9220261121857;15,4398563734291;14,3944472920696;Средневзвешенная по двум подпробам одного улова; ;
A16R27;A16R27-275;275;107,5;105;110;34;298,4;8,77647058823529;;45,037;79,223;34,186;56,404;11,367;33,2504534019774;12,8712871287129;12,9034044345638;Средневзвешенная по двум подпробам одного улова; ;
A16R27;A16R27-276;276;112,5;110;115;11;100,9;9,17272727272727;;44,906;68,616;23,71;52,853;7,947;33,5175031632223;;13,1416128215942;Средневзвешенная по двум подпробам одного улова; ;
A16R27;A16R27-277;277;117,5;115;120;3;32,2;10,7333333333333;;22,186;30,587;8,401;24,712;2,526;30,0678490655874;;10,064521366504;Средневзвешенная по двум подпробам одного улова; ;
A16R28;A16R28-278;278;72,5;70;75;1;2,86;2,86;79;22,328;24,878;2,55;23,038;0,710000000000001;27,843137254902;;8,08007843137257;; ;
A16R28;A16R28-279;279;77,5;75;80;1;3;3;335;22,01;24,569;2,559;22,612;0,601999999999997;23,5248143806173;;4,22813442751065;; ;
A16R28;A16R28-280;280;82,5;80;85;5;19,93;3,986;318;22,797;34,756;11,959;26,364;3,567;29,8269086043984;;9,84960247512334;; ;
A16R28;A16R28-281;281;87,5;85;90;23;113,36;4,92869565217391;340;22,645;39,784;17,139;27,803;5,158;30,095104731898;11,4379084967321;10,088833420853;; ;
A16R28;A16R28-282;282;92,5;90;95;37;194,96;5,26918918918919;385;22,37;39,567;17,197;26,887;4,517;26,2662092225388;7,10172744721688;6,67345862650462;; ;
A16R28;A16R28-283;283;97,5;95;100;39;240,22;6,15948717948718;209;22,268;39,467;17,199;26,81;4,542;26,4085121227978;6,52173913043479;6,80039281353567;; ;
A16R28;A16R28-284;284;102,5;100;105;22;148,31;6,74136363636364;247;22,092;41,761;19,669;27,123;5,031;25,5783212161269;;6,0598625247852;; ;
A16R28;A16R28-285;285;107,5;105;110;18;132,45;7,35833333333333;258;22,45;39,838;17,388;26,663;4,213;24,2293535771797;;4,85658339084426;; ;
A16R28;A16R28-286;286;112,5;110;115;6;52,64;8,77333333333333;280;22,694;40,482;17,788;27,024;4,33;24,3422532044075;;4,95728985833147;; ;
A16R28;A16R28-287;287;117,5;115;120;2;21,15;10,575;352;22,684;38,511;15,827;26,513;3,829;24,1928350287483;;4,82400884564352;; ;
A16R29;A16R29-288;288;67,5;65;70;1;1,66;1,66;255;22,454;24,071;1,617;22,824;0,370000000000001;22,8818800247372;;3,6546369820656;; ;
A16R29;A16R29-289;289;72,5;70;75;1;2,05;2,05;91;22,231;24,24;2,009;22,728;0,497;24,7386759581882;;5,31089895470386;; ;
A16R29;A16R29-290;290;77,5;75;80;1;2,44;2,44;88;22,022;24,352;2,33;22,645;0,623000000000001;26,7381974248927;;7,09447210300431;; ;
A16R29;A16R29-291;291;82,5;80;85;4;15,4;3,85;5;22,997;37,73;14,733;27,368;4,371;29,6680920382814;;9,70793809814701;; ;
A16R29;A16R29-292;292;87,5;85;90;7;37,7;5,38571428571429;15;21,981;37,811;15,83;27,441;5,46;34,4914718888187;;14,0103929248263;; ;
A16R29;A16R29-293;293;92,5;90;95;10;64,4;6,44;295;22,225;39,22;16,995;28,256;6,031;35,4869079140924;;14,8983218593704;; ;
A16R29;A16R29-294;294;97,5;95;100;15;101,1;6,74;400;23,075;40,818;17,743;28,772;5,697;32,1084371301358;;11,8847259200812;; ;
A16R29;A16R29-295;295;102,5;100;105;15;114,5;7,63333333333333;219;22,395;40,092;17,697;28,02;5,625;31,7850483132734;;11,5962630954399;; ;
A16R29;A16R29-296;296;107,5;105;110;10;92,5;9,25;235;22,224;37,563;15,339;27,347;5,123;33,3985266314623;;13,0354857552644;; ;
A16R29;A16R29-297;297;112,5;110;115;1;10,22;10,22;262;22,572;32,541;9,969;26,327;3,755;37,6667669776307;;16,8427561440466;; ;
A16R31;A16R31-62;62;77,5;75;80;1;18,937;4,02;№1и;22,277;25,79;3,513;23,651;1,374;39,1118701964133;;18,1317882152007;По индивидуальным пробам; ;
A16R31;A16R31-63;63;82,5;80;85;2;18,937;5,25;№2-3и;44,613;54,207;9,594;48,431;3,818;39,7957056493642;;18,7417694392328;По индивидуальным пробам; ;
A16R31;A16R31-64;64;87,5;85;90;8;18,937;5,6375;№4-11и;252,413;293,834;41,421;268,057;15,644;37,7682817894305;;16,933307356172;По индивидуальным пробам; ;
A16R31;A16R31-65;65;92,5;90;95;11;18,937;6,79090909090909;№12-22;347,701;417,423;69,722;374,266;26,5649999999999;38,1013166575829;;17,2303744585639;По индивидуальным пробам; ;
A16R31;A16R31-66;66;97,5;95;100;26;18,937;7,03076923076923;Р70131;30,752;47,956;17,204;36,621;5,869;34,1141594977912;;13,6738302720298;По индивидуальным пробам; ;
A16R31;A16R31-67;67;102,5;100;105;12;18,937;8,06666666666667;№33-44и;382,269;472,789;90,52;413,652;31,383;34,6696862571807;;14,1693601414052;По индивидуальным пробам; ;
A16R31;A16R31-68;68;107,5;105;110;10;18,937;9,41;№45-54и;281,356;370,07;88,714;313,021;31,665;35,6933516694096;;15,0824696891133;По индивидуальным пробам; ;
A16R31;A16R31-69;69;112,5;110;115;5;18,937;9,36;№55-59и;111,907;155,842;43,935;124,9;12,993;29,5732331853875;;9,62332400136564;По индивидуальным пробам; ;
A16R31;A16R31-70;70;117,5;115;120;1;18,937;12,81;№60и;22,305;33,982;11,677;25,731;3,426;29,3397276697782;;9,41503708144216;По индивидуальным пробам; ;
A17R01;A17R01-1;1;62,5;60;65;1;1,67;1,67;инд (№1и);22,459;23,094;0,635000000000002;22,668;0,209;32,9133858267715;;12,6027401574802;; ;
A17R01;A17R01-10;10;107,5;105;110;20;200,1;10,005;39;22,177;37,638;15,461;27,617;5,44;35,1853049608693;;14,6292920250954;; ;
A17R01;A17R01-11;11;112,5;110;115;8;87,6;10,95;инд(№69-76);183,788;266,738;82,95;213,843;30,055;36,2326702833032;;15,5635418927065;; ;
A17R01;A17R01-12;12;117,5;115;120;1;10,2;10,2;инд (№77и);23,189;32,672;9,483;26,342;3,153;33,248971844353;;12,9020828851629;; ;
A17R01;A17R01-13;13;122,5;120;125;1;12,87;12,87;инд (№78и);21,938;33,087;11,149;25,716;3,778;33,8864472149969;;13,4707109157772;; ;
A17R01;A17R01-2;2;67,5;65;70;1;2,06;2,06;инд (№2и);22,247;24,094;1,847;22,769;0,521999999999998;28,2620465619923;;8,45374553329715;; ;
A17R01;A17R01-3;3;72,5;70;75;2;6;3;209;22,245;27,688;5,443;24,253;2,008;36,8914201726989;;16,1511467940474;; ;
A17R01;A17R01-4;4;77,5;75;80;8;30,9;3,8625;Р71427;26,997;37,449;10,452;30,809;3,812;36,4714887102947;;15,7765679295829;; ;
A17R01;A17R01-5;5;82,5;80;85;8;36,6;4,575;170;21,468;35,233;13,765;26,613;5,145;37,3774064656738;;16,5846465673811;; ;
A17R01;A17R01-6;6;87,5;85;90;8;45,9;5,7375;Р71426;31,129;47,483;16,354;37,476;6,347;38,8100770453712;;17,8625887244711;; ;
A17R01;A17R01-7;7;92,5;90;95;24;156,6;6,525;274;22,47;38,914;16,444;28,474;6,004;36,5117976161518;17,36;15,8125234736074;; ;
A17R01;A17R01-8;8;97,5;95;100;26;193,5;7,44230769230769;Р71198;31,266;49,21;17,944;37,435;6,169;34,3791796700847;14,49;13,9102282657156;; ;
A17R01;A17R01-9;9;102,5;100;105;21;179,4;8,54285714285714;Т24222;31,409;47,657;16,248;37,065;5,656;34,8104382077794;14,88;14,2949108813392;; ;
A17R02;A17R02-14;14;87,5;85;90;2;12,25;6,125;№1-2и;45,415;56,736;11,321;49,188;3,773;33,3274445720343;;12,9720805582546;; ;
A17R02;A17R02-15;15;92,5;90;95;8;57,6;7,2;№3-10и;184,462;238,53;54,068;204,487;20,025;37,0366945328105;;16,280731523267;; ;
A17R02;A17R02-16;16;97,5;95;100;10;76,7;7,67;296;23,064;38,838;15,774;28,626;5,562;35,2605553442374;;14,6964153670597;; ;
A17R02;A17R02-17;17;102,5;100;105;18;153,2;8,51111111111111;219;22,369;40,104;17,735;28,294;5,925;33,4085142373837;13,6919104991394;13,0443946997463;; ;
A17R02;A17R02-18;18;107,5;105;110;15;149;9,93333333333333;Р71491;31,457;51,016;19,559;38,154;6,697;34,2399918196227;16,5107913669065;13,7860727031034;; ;
A17R02;A17R02-19;19;112,5;110;115;14;146,1;10,4357142857143;258;21,898;40,694;18,796;28,111;6,213;33,0549052989998;13,620810055866;12,7289755267078;; ;
A17R02;A17R02-20;20;117,5;115;120;2;23,89;11,945;№51-52и;45,063;64,987;19,924;51,095;6,032;30,2750451716523;;10,2493402931138;; ;
A17R02;A17R02-21;21;122,5;120;125;2;27,65;13,825;№53-54и;45,526;70,837;25,311;54,214;8,688;34,3249970368615;;13,8618973568804;; ;
A17R03;A17R03-22;22;62,5;60;65;1;1,57;1,57;№1и;22,322;22,784;0,462;22,483;0,161000000000001;34,8484848484852;;14,3288484848488;; ;
A17R03;A17R03-23;23;72,5;70;75;1;3,46;3,46;№2и;22,848;25,999;3,151;24,109;1,261;40,0190415741036;;18,9409850841004;; ;
A17R03;A17R03-24;24;82,5;80;85;1;4,86;4,86;№3и;22,602;27,13;4,528;24,399;1,797;39,6863957597173;;18,6442650176679;; ;
A17R03;A17R03-25;25;87,5;85;90;1;6,83;6,83;№4и;21,977;28,463;6,486;24,494;2,517;38,8066604995375;;17,8595411655874;; ;
A17R03;A17R03-26;26;92,5;90;95;6;39,7;6,61666666666667;№5-10и;151,732;189,176;37,444;164,836;13,104;34,9962610832176;;14,4606648862301;; ;
A17R03;A17R03-27;27;97,5;95;100;19;141,4;7,4421052631579;56;22,432;41,003;18,571;28,65;6,218;33,4823111302568;15,2420701168615;13,1102215281891;; ;
A17R03;A17R03-28;28;102,5;100;105;16;137,8;8,6125;351;23,214;40,228;17,014;28,843;5,629;33,0845186317151;13,8519134775374;12,7553906194898;; ;
A17R03;A17R03-29;29;107,5;105;110;27;252,1;9,33703703703704;274;22,509;39,464;16,955;27,94;5,431;32,0318490120908;12,8113879003558;11,816409318785;; ;
A17R03;A17R03-30;30;112,5;110;115;16;171,9;10,74375;249;28,594;46,478;17,884;34,315;5,721;31,9894878103332;;11,7786231268173;; ;
A17R03;A17R03-31;31;117,5;115;120;12;137,5;11,4583333333333;61;22,286;36,442;14,156;26,82;4,534;32,0288217010455;;11,8137089573326;; ;
A17R03;A17R03-32;32;122,5;120;125;2;26,5;13,25;№63и,64и;54,278;77,115;22,837;61,941;7,663;33,5551955160485;;13,1752344003153;; ;
A17R03;A17R03-33;33;127,5;125;130;1;13,98;13,98;№65и;31,998;43,807;11,809;35,958;3,96;33,5337454483868;;13,156100939961;; ;
A17R04;A17R04-34;34;72,5;70;75;1;2,65;2,65;№1и;21,936;24,312;2,376;22,761;0,824999999999999;34,7222222222222;;14,2162222222222;; ;
A17R04;A17R04-35;35;92,5;90;95;3;20,19;6,73;№2и-4и;86,788;104,502;17,714;93,306;6,518;36,7957547702382;;16,0658132550525;; ;
A17R04;A17R04-36;36;97,5;95;100;24;193,3;8,05416666666667;Р71472;31,428;47,03;15,602;37,219;5,791;37,1170362774003;18,9655172413793;16,3523963594411;; ;
A17R04;A17R04-37;37;102,5;100;105;26;226,4;8,70769230769231;347;21,556;38,856;17,3;27,705;6,149;35,5433526011561;15,6408094435076;14,9486705202312;; ;
A17R04;A17R04-38;38;107,5;105;110;22;213,6;9,70909090909091;Р70193;30,926;48,818;17,892;37,086;6,16;34,4287949921753;16,5295169946333;13,9544851330203;; ;
A17R04;A17R04-39;39;112,5;110;115;8;88,8;11,1;№35и-42и;217,607;303,788;86,181;248,111;30,504;35,3952727399311;;14,8165832840185;; ;
A17R04;A17R04-40;40;117,5;115;120;13;159,8;12,2923076923077;Р71772;31,434;46,532;15,098;36,695;5,261;34,845674923831;;14,3263420320572;; ;
A17R04;A17R04-41;41;122,5;120;125;2;24,9;12,45;№53и,54и;62,044;82,933;20,889;68,947;6,90300000000001;33,0461008186127;;12,7211219302025;; ;
A17R04;A17R04-42;42;127,5;125;130;3;43,7;14,5666666666667;№55и-57и;94,318;133,369;39,051;107,401;13,083;33,5023430898056;;13,1280900361066;; ;
A17R05;A17R05-43;43;87,5;85;90;1;6,94;6,94;№1и;21,969;27,154;5,185;24,258;2,289;44,1465766634522;;22,6227463837994;; ;
A17R05;A17R05-44;44;92,5;90;95;7;47,5;6,78571428571429;№2и-8и;220,313;265,261;44,948;237,724;17,411;38,7358725638516;;17,7963983269556;; ;
A17R05;A17R05-45;45;97,5;95;100;13;112,1;8,62307692307692;Р72510;31,335;48,858;17,523;38,322;6,987;39,8733093648348;;18,8109919534326;; ;
A17R05;A17R05-46;46;102,5;100;105;19;181,6;9,5578947368421;Р59674;31,51;44,379;12,869;36,62;5,11;39,7078250058279;19,808429118774;18,6633799051985;; ;
A17R05;A17R05-47;47;107,5;105;110;25;270,1;10,804;Р62149;33,35;51,454;18,104;40,125;6,775;37,4226690234202;15,9649122807017;16,6250207688908;; ;
A17R05;A17R05-48;48;112,5;110;115;16;193,4;12,0875;Т24299;32,363;47,632;15,269;38,305;5,942;38,9154496037724;18,2868705035971;17,9565810465649;; ;
A17R05;A17R05-49;49;117,5;115;120;11;146;13,2727272727273;№49и-59и;343,708;483,093;139,385;397,856;54,148;38,847795673853;;17,8962337410769;; ;
A17R05;A17R05-50;50;122,5;120;125;2;27,7;13,85;№60и-61и;62,687;85,388;22,701;70,897;8,20999999999999;36,1658076736707;;15,5039004449143;; ;
A17R06;A17R06-51;51;72,5;70;75;1;3,5;3,5;№1и;22,366;25,629;3,263;23,757;1,391;42,6294820717132;;21,2694980079682;; ;
A17R06;A17R06-52;52;82,5;80;85;1;5,07;5,07;№2и;22,397;27,072;4,675;24,25;1,853;39,6363636363637;;18,5996363636364;; ;
A17R06;A17R06-53;53;87,5;85;90;3;19,2;6,4;№3и-5и;67,151;84,247;17,096;74,08;6,929;40,529948525971;;19,3967140851661;; ;
A17R06;A17R06-54;54;92,5;90;95;5;34,9;6,98;№6и-10и;113,397;146,39;32,993;126,506;13,109;39,7326705664838;;18,6855421453035;; ;
A17R06;A17R06-55;55;97,5;95;100;17;146,5;8,61764705882353;Т24227;32,14;49,903;17,763;39,502;7,362;41,445701739571;22,3484848484849;20,2135659516974;; ;
A17R06;A17R06-56;56;102,5;100;105;23;216,3;9,40434782608696;Р62181;33,066;50,309;17,243;39,785;6,71899999999999;38,9665371455083;21,3241106719368;18,0021511337934;; ;
A17R06;A17R06-57;57;107,5;105;110;19;203,5;10,7105263157895;Т28420;32,559;51,27;18,711;39,654;7,09500000000001;37,9188712522046;17,4746499275712;17,0676331569665;; ;
A17R06;A17R06-58;58;112,5;110;115;12;135,07;11,2558333333333;№41и-52и;279,687;409,155;129,468;326,367;46,68;36,0552414496246;;15,4052753730652;; ;
A17R06;A17R06-59;59;117,5;115;120;11;147,9;13,4454545454545;№53и-63и;303,01;443,934;140,924;356,904;53,894;38,2433084499447;;17,3570311373506;; ;
A17R06;A17R06-60;60;122,5;120;125;1;14,47;14,47;№64и;31,028;44,936;13,908;37,175;6,147;44,197584124245;;22,6682450388266;; ;
A17R06;A17R06-61;61;127,5;125;130;2;36,86;18,43;№65и-66и;58,311;89,904;31,593;71,148;12,837;40,6324185737347;;19,4881173677713;; ;
A17R07;A17R07-71;71;62,5;60;65;3;5,62;1,87333333333333;№1и-3и;66,767;71,514;4,747;68,269;1,502;31,6410364440699;;11,4678045081103;; ;
A17R07;A17R07-72;72;67,5;65;70;1;2,65;2,65;№4и;32,446;34,797;2,351;33,238;0,792000000000002;33,6877924287538;;13,2935108464484;; ;
A17R07;A17R07-73;73;72,5;70;75;6;17,8;2,96666666666667;№5и-10и;179,985;195,114;15,129;185,164;5,179;34,2322691519598;;13,7791840835481;; ;
A17R07;A17R07-74;74;77,5;75;80;1;3,76;3,76;№11и;31,424;34,675;3,251;32,693;1,269;39,0341433405106;;18,0624558597354;; ;
A17R07;A17R07-75;75;82,5;80;85;13;64,1;4,93076923076923;№12и-24и;355,256;414,906;59,65;377,729;22,4730000000001;37,6747694886841;;16,8498943839062;; ;
A17R07;A17R07-76;76;87,5;85;90;23;145,6;6,3304347826087;Т24222;31,448;47,939;16,491;37,472;6,024;36,5290158268146;;15,8278821175187;; ;
A17R07;A17R07-77;77;92,5;90;95;36;247,1;6,86388888888889;Р72557;30,806;47,238;16,432;36,529;5,723;34,8283836416748;16,2622950819672;14,3109182083739;; ;
A17R07;A17R07-78;78;97,5;95;100;43;335,2;7,7953488372093;Т28486;32,377;47,604;15,227;37,498;5,121;33,6310501083601;13,2075471698113;13,2428966966572;; ;
A17R07;A17R07-79;79;102,5;100;105;36;311,1;8,64166666666667;Р71426;31,152;48,335;17,183;36,986;5,834;33,9521620206017;15,4068367838228;13,5293285223768;; ;
A17R07;A17R07-80;80;107,5;105;110;25;241;9,64;250;22,457;40,809;18,352;28,155;5,698;31,0483870967742;;10,9391612903226;; ;
A17R07;A17R07-81;81;112,5;110;115;15;155,1;10,34;№75и-84и;223,637;326,031;102,394;256,712;33,075;32,30169736508;;12,0571140496513;; ;
A17R07;A17R07-82;82;117,5;115;120;9;111,3;12,3666666666667;№85и-93и;229,287;334,2;104,913;263,514;34,227;32,6241743158617;;12,3447634897487;; ;
A17R07;A17R07-83;83;122,5;120;125;2;24,4;12,2;№94и-95и;45,301;65,241;19,94;51,216;5,915;29,6639919759278;;9,70428084252758;; ;
A17R07;A17R07-84;84;127,5;125;130;1;13,44;13,44;№96и;21,808;33,486;11,678;25,53;3,722;31,8718958725809;;11,6737311183422;; ;
A17R08;A17R08-85;85;72,5;70;75;1;2,691;2,691;№1и;22,303;24,761;2,458;23,041;0,738;30,0244100895037;;9,95170056956876;; ;
A17R08;A17R08-86;86;77,5;75;80;2;7,686;3,843;№2и-3и;44,588;51,908;7,32;47,374;2,786;38,0601092896175;;17,0954371584699;; ;
A17R08;A17R08-87;87;87,5;85;90;7;37,84;5,40571428571429;№4и-10и;168,749;203,424;34,675;180,993;12,244;35,3107426099496;;14,6512501802452;; ;
A17R08;A17R08-88;88;92,5;90;95;29;183,3;6,32068965517241;Р71426;31,227;47,542;16,315;36,527;5,3;32,4854428440086;;12,1395586883236;; ;
A17R08;A17R08-89;89;97,5;95;100;44;310,6;7,05909090909091;Т24227;32,209;49,065;16,856;37,597;5,388;31,9648789748458;15,122388302855;11,6767774086379;; ;
A17R08;A17R08-90;90;102,5;100;105;73;565,4;7,74520547945205;Р59668;31,991;48,692;16,701;37,342;5,351;32,0399976049338;14,8148148148149;11,7435578707862;; ;
A17R08;A17R08-91;91;107,5;105;110;54;485,6;8,99259259259259;Т24256;31,836;47,002;15,166;36,802;4,966;32,7442964525913;15,8615537848605;12,3696795463537;; ;
A17R08;A17R08-92;92;112,5;110;115;26;255,4;9,82307692307692;Р59616;32,095;49,408;17,313;37,484;5,389;31,1268988621267;;10,9318130884307;; ;
A17R08;A17R08-93;93;117,5;115;120;11;116,3;10,5727272727273;№61и-71и;256,564;367,816;111,252;291,546;34,982;31,4439290979039;;11,2136529680365;; ;
A17R08;A17R08-94;94;122,5;120;125;2;22,9;11,45;№72и-73и;53,596;73,217;19,621;60,222;6,626;33,7699403700117;;13,2814769889404;; ;
A17R09;A17R09-100;100;102,5;100;105;47;372,9;7,93404255319149;;349,003;440,402;91,399;377,79;28,787;31,4959682272235;15,0390625;11,2599157540017;; ;
A17R09;A17R09-101;101;107,5;105;110;52;463,7;8,91730769230769;;336,715;439,622;102,907;367,579;30,864;29,9921288153381;12,1722846441947;9,92300251683558;; ;
A17R09;A17R09-102;102;112,5;110;115;18;176,1;9,78333333333333;;348,162;460,197;112,035;383,873;35,711;31,8748605346543;;11,5967510153077;; ;
A17R09;A17R09-103;103;117,5;115;120;14;149,7;10,6928571428571;№63и-76и;411,824;554,357;142,533;455,311;43,487;30,5101274792504;0;10,3835033290536;; ;
A17R09;A17R09-104;104;122,5;120;125;4;46,7;11,675;№77и-80и;89,706;134,117;44,411;103,275;13,569;30,5532413140888;;10,4218315282249;; ;
A17R09;A17R09-105;105;127,5;125;130;2;23,6;11,8;№81и-82и;44,871;64,663;19,792;50,622;5,751;29,0571948261924;;9,09184620048507;; ;
A17R09;A17R09-95;95;72,5;70;75;1;2,65;2,65;№1и;31,413;33,819;2,406;32,083;0,669999999999998;27,8470490440564;;8,01602660016616;; ;
A17R09;A17R09-96;96;77,5;75;80;4;13,8;3,45;№2и-5и;126,622;138,502;11,88;130,247;3,62500000000001;30,5134680134681;;10,3864730639732;; ;
A17R09;A17R09-97;97;87,5;85;90;7;36,2;5,17142857142857;№6и-12и;221,854;256,071;34,217;232,818;10,964;32,0425519478623;;11,7458286816496;; ;
A17R09;A17R09-98;98;92,5;90;95;22;139,7;6,35;;349,266;426,59;77,324;374,534;25,2680000000001;32,6780818374632;;12,3108147535048;; ;
A17R09;A17R09-99;99;97,5;95;100;57;405,8;7,11929824561404;;349,6;431,735;82,135;376,532;26,932;32,7899190357339;13,8064971751412;12,4102380227674;; ;
A17R10;A17R10-106;106;82,5;80;85;1;4,62;4,62;;22,091;26,386;4,295;23,772;1,681;39,138533178114;;18,0541559953434;; ;
A17R10;A17R10-107;107;87,5;85;90;1;6,08;6,08;;22,015;27,76;5,745;24,272;2,257;39,2863359442993;;18,1855526544821;; ;
A17R10;A17R10-108;108;92,5;90;95;5;36,1;7,22;;112,163;147,19;35,027;126,603;14,44;41,2253404516516;;19,9093276615183;; ;
A17R10;A17R10-109;109;97,5;95;100;11;80,98;7,36181818181818;;244,994;322,787;77,793;274,571;29,577;38,0201303459181;;17,0598958775212;; ;
A17R10;A17R10-110;110;102,5;100;105;31;278,3;8,97741935483871;;254,585;361,232;106,647;296,095;41,5099999999999;38,9228013915065;;17,8623704370493;; ;
A17R10;A17R10-111;111;107,5;105;110;29;278,7;9,61034482758621;;256,552;370,531;113,979;300,063;43,511;38,1745760183894;;17,1971980803481;; ;
A17R10;A17R10-112;112;112,5;110;115;7;76,5;10,9285714285714;;158,179;232,328;74,149;185,536;27,357;36,8946310806619;;16,0593270307084;; ;
A17R10;A17R10-113;113;117,5;115;120;12;150,5;12,5416666666667;;266,217;412,264;146,047;322,857;56,64;38,7820359199436;;17,7372299328299;; ;
A17R10;A17R10-114;114;122,5;120;125;5;66,9;13,38;;111,367;176,314;64,947;133,516;22,149;34,103191833341;;13,5777375398402;; ;
A17R11;A17R11-115;115;92,5;90;95;1;6,905;6,905;;31,75;49,487;17,737;38,019;6,269;35,3441957489993;;14,6809900208603;; ;
A17R11;A17R11-116;116;97,5;95;100;25;192,6;7,704;;256,356;349,736;93,38;289,05;32,694;35,0117798243735;;14,3854722638681;; ;
A17R11;A17R11-117;117;102,5;100;105;17;136,96;8,05647058823529;;254,702;350,164;95,462;285,979;31,277;32,7638222538811;;12,3870379837003;; ;
A17R11;A17R11-118;118;107,5;105;110;34;307,9;9,05588235294118;;258,98;363,508;104,528;295,609;36,629;35,0422853206796;;14,4125916500842;; ;
A17R11;A17R11-119;119;112,5;110;115;15;146,8;9,78666666666667;;294,511;408,022;113,511;331,115;36,604;32,2470949951987;;11,9276674507317;; ;
A17R11;A17R11-120;120;117,5;115;120;8;93,4;11,675;;255,125;344,36;89,2349999999999;286,251;31,126;34,880932369586;;14,2691488765619;; ;
A17R11;A17R11-121;121;122,5;120;125;4;47,5;11,875;;127,308;173,573;46,265;142,685;15,377;33,2367880687345;;12,807504593105;; ;
A17R11;A17R11-122;122;127,5;125;130;2;26,57;13,285;;64,17;89,677;25,507;71,839;7,669;30,066256321794;;9,98890187007488;; ;
A17R12;A17R12-123;123;92,5;90;95;5;31,06;6,212;;154,994;184,607;29,613;165,212;10,218;34,505115996353;;13,9350481207578;; ;
A17R12;A17R12-124;124;97,5;95;100;9;66,1;7,34444444444444;;280,805;343,716;62,9109999999999;302,866;22,061;35,0669994118675;;14,4345624771503;; ;
A17R12;A17R12-125;125;102,5;100;105;17;140,2;8,24705882352941;;345,186;440,474;95,288;378,851;33,665;35,329737217698;;14,6681363865335;; ;
A17R12;A17R12-126;126;107,5;105;110;29;257,85;8,89137931034483;;349,133;453,651;104,518;381,897;32,764;31,3477104422205;;11,128114583134;; ;
A17R12;A17R12-127;127;112,5;110;115;21;197,4;9,4;;344,739;459,394;114,655;381,937;37,198;32,4434172081462;;12,1021978980419;; ;
A17R12;A17R12-128;128;117,5;115;120;11;117,7;10,7;;344,082;456,353;112,271;378,378;34,296;30,5475144961744;;10,4167403870991;; ;
A17R12;A17R12-129;129;122,5;120;125;6;72,8;12,1333333333333;;186,546;256,45;69,904;208,585;22,039;31,5275234607462;;11,2879683566034;; ;
A17R12;A17R12-130;130;127,5;125;130;1;13,9;13,9;;30,76;44,154;13,394;34,995;4,235;31,6186352097954;;11,3689667015081;; ;
A17R12;A17R12-131;131;132,5;130;135;1;19;19;;30,534;48,955;18,421;36,565;6,031;32,7398078280224;;12,3656891591119;; ;
A17R13;A17R13-132;132;87,5;85;90;10;56,87;5,687;;311,494;365,456;53,9619999999999;333,049;21,555;39,9447759534487;0;18,7709058226159;; ;
A17R13;A17R13-133;133;92,5;90;95;15;101,9;6,79333333333333;;343,309;426,324;83,015;375,633;32,324;38,9375414081793;0;17,8754743118714;; ;
A17R13;A17R13-134;134;97,5;95;100;25;188,9;7,556;;344,681;432,813;88,1319999999999;377,503;32,822;37,2418644760133;0;16,3680175191758;; ;
A17R13;A17R13-135;135;102,5;100;105;19;164,8;8,67368421052632;;344,375;442,701;98,326;382,099;37,724;38,3662510424507;0;17,3675971767386;; ;
A17R13;A17R13-136;136;107,5;105;110;23;208,2;9,05217391304348;;437,026;580,955;143,929;488,537;51,5110000000001;35,7891738287628;0;15,0765755337701;; ;
A17R13;A17R13-137;137;112,5;110;115;13;131;10,0769230769231;;405,667;531,928;126,261;451,04;45,373;35,9358788541196;0;15,2069963013124;; ;
A17R13;A17R13-138;138;117,5;115;120;6;69,9;11,65;;186,49;253,92;67,43;209,9032;23,4132;34,7222304612191;0;14,1280628800237;; ;
